{
  "Basic Propagation": {
    "test_name": "Basic Propagation",
    "seed": 42,
    "success": true,
    "initial_pop": 85,
    "final_pop": 85,
    "nS": 29,
    "nD": 33,
    "nN": 0,
    "nB": 23,
    "n_time_steps": 10,
    "dt_days": 5,
    "elapsed_time": 0.0044629573822021484,
    "satellite_ratio": 0.3411764705882353,
    "population_change": 0,
    "config": {
      "DAY2MIN": 1440,
      "DAY2SEC": 86400,
      "YEAR2DAY": 365.2425,
      "YEAR2MIN": 525949.2,
      "rad": 0.017453292519943295,
      "tumin": 13.446851082044981,
      "mu_const": 398600.5,
      "radiusearthkm": 6378.137,
      "j2": 0.00108262998905,
      "omega_earth": 7.27220521664304e-05,
      "PMD": 0.95,
      "alph": 0.01,
      "alph_a": 0,
      "orbtol": 5,
      "step_control": 2,
      "P_frag": 0,
      "P_frag_cutoff": 18,
      "altitude_limit_low": 200,
      "altitude_limit_up": 2000,
      "missionlifetime": 8,
      "dt_days": 5,
      "n_time": 10,
      "launchRepeatYrs": [
        2018,
        2022
      ],
      "launchRepeatSmooth": 0,
      "a_all": [],
      "ap_all": [],
      "aa_all": [],
      "repeatLaunches": "[]",
      "time0": "2020-01-01 00:00:00",
      "launchMC_step": [],
      "additional_launches": "[]",
      "ind_launch": [],
      "ind_launch_add": [],
      "launch_model": "no_launch",
      "paramSSEM": {
        "N_shell": 36,
        "h_min": 200,
        "h_max": 2000,
        "re": 6378.137,
        "R02": "[ 200.  250.  300.  350.  400.  450.  500.  550.  600.  650.  700.  750.\n  800.  850.  900.  950. 1000. 1050. 1100. 1150. 1200. 1250. 1300. 1350.\n 1400. 1450. 1500. 1550. 1600. 1650. 1700. 1750. 1800. 1850. 1900. 1950.\n 2000.]"
      },
      "use_sgp4": false,
      "skipCollisions": 1,
      "max_frag": Infinity,
      "CUBE_RES": 50,
      "collision_alt_limit": 45000,
      "animation": "no",
      "save_diaryName": "",
      "save_output_file": 0,
      "saveMSnTimesteps": 146,
      "filename_save": "TLEIC_year2020_rand42.mat",
      "n_save_checkpoint": Infinity
    },
    "error": null
  },
  "Collision Detection": {
    "test_name": "Collision Detection",
    "seed": 123,
    "success": true,
    "initial_pop": 91,
    "final_pop": 90,
    "nS": 22,
    "nD": 49,
    "nN": 0,
    "nB": 19,
    "n_time_steps": 36,
    "dt_days": 1,
    "elapsed_time": 0.011107206344604492,
    "satellite_ratio": 0.24444444444444444,
    "population_change": -1,
    "config": {
      "DAY2MIN": 1440,
      "DAY2SEC": 86400,
      "YEAR2DAY": 365.2425,
      "YEAR2MIN": 525949.2,
      "rad": 0.017453292519943295,
      "tumin": 13.446851082044981,
      "mu_const": 398600.5,
      "radiusearthkm": 6378.137,
      "j2": 0.00108262998905,
      "omega_earth": 7.27220521664304e-05,
      "PMD": 0.95,
      "alph": 0.01,
      "alph_a": 0,
      "orbtol": 5,
      "step_control": 2,
      "P_frag": 0,
      "P_frag_cutoff": 18,
      "altitude_limit_low": 200,
      "altitude_limit_up": 2000,
      "missionlifetime": 8,
      "dt_days": 1,
      "n_time": 36,
      "launchRepeatYrs": [
        2018,
        2022
      ],
      "launchRepeatSmooth": 0,
      "a_all": [],
      "ap_all": [],
      "aa_all": [],
      "repeatLaunches": "[]",
      "time0": "2020-01-01 00:00:00",
      "launchMC_step": [],
      "additional_launches": "[]",
      "ind_launch": [],
      "ind_launch_add": [],
      "launch_model": "no_launch",
      "paramSSEM": {
        "N_shell": 36,
        "h_min": 200,
        "h_max": 2000,
        "re": 6378.137,
        "R02": "[ 200.  250.  300.  350.  400.  450.  500.  550.  600.  650.  700.  750.\n  800.  850.  900.  950. 1000. 1050. 1100. 1150. 1200. 1250. 1300. 1350.\n 1400. 1450. 1500. 1550. 1600. 1650. 1700. 1750. 1800. 1850. 1900. 1950.\n 2000.]"
      },
      "use_sgp4": false,
      "skipCollisions": 0,
      "max_frag": Infinity,
      "CUBE_RES": 100,
      "collision_alt_limit": 45000,
      "animation": "no",
      "save_diaryName": "",
      "save_output_file": 0,
      "saveMSnTimesteps": 146,
      "filename_save": "TLEIC_year2020_rand123.mat",
      "n_save_checkpoint": Infinity
    },
    "error": null
  },
  "Fragmentation Test": {
    "test_name": "Fragmentation Test",
    "seed": 999,
    "success": true,
    "initial_pop": 86,
    "final_pop": 83,
    "nS": 26,
    "nD": 43,
    "nN": 0,
    "nB": 14,
    "n_time_steps": 36,
    "dt_days": 5,
    "elapsed_time": 0.01122593879699707,
    "satellite_ratio": 0.3132530120481928,
    "population_change": -3,
    "config": {
      "DAY2MIN": 1440,
      "DAY2SEC": 86400,
      "YEAR2DAY": 365.2425,
      "YEAR2MIN": 525949.2,
      "rad": 0.017453292519943295,
      "tumin": 13.446851082044981,
      "mu_const": 398600.5,
      "radiusearthkm": 6378.137,
      "j2": 0.00108262998905,
      "omega_earth": 7.27220521664304e-05,
      "PMD": 0.95,
      "alph": 0.01,
      "alph_a": 0,
      "orbtol": 5,
      "step_control": 2,
      "P_frag": 1e-05,
      "P_frag_cutoff": 20,
      "altitude_limit_low": 200,
      "altitude_limit_up": 2000,
      "missionlifetime": 8,
      "dt_days": 5,
      "n_time": 36,
      "launchRepeatYrs": [
        2018,
        2022
      ],
      "launchRepeatSmooth": 0,
      "a_all": [],
      "ap_all": [],
      "aa_all": [],
      "repeatLaunches": "[]",
      "time0": "2020-01-01 00:00:00",
      "launchMC_step": [],
      "additional_launches": "[]",
      "ind_launch": [],
      "ind_launch_add": [],
      "launch_model": "no_launch",
      "paramSSEM": {
        "N_shell": 36,
        "h_min": 200,
        "h_max": 2000,
        "re": 6378.137,
        "R02": "[ 200.  250.  300.  350.  400.  450.  500.  550.  600.  650.  700.  750.\n  800.  850.  900.  950. 1000. 1050. 1100. 1150. 1200. 1250. 1300. 1350.\n 1400. 1450. 1500. 1550. 1600. 1650. 1700. 1750. 1800. 1850. 1900. 1950.\n 2000.]"
      },
      "use_sgp4": false,
      "skipCollisions": 0,
      "max_frag": 100,
      "CUBE_RES": 50,
      "collision_alt_limit": 45000,
      "animation": "no",
      "save_diaryName": "",
      "save_output_file": 0,
      "saveMSnTimesteps": 146,
      "filename_save": "TLEIC_year2020_rand999.mat",
      "n_save_checkpoint": Infinity
    },
    "error": null
  },
  "Orbit Control": {
    "test_name": "Orbit Control",
    "seed": 777,
    "success": true,
    "initial_pop": 88,
    "final_pop": 86,
    "nS": 23,
    "nD": 53,
    "nN": 0,
    "nB": 10,
    "n_time_steps": 75,
    "dt_days": 5,
    "elapsed_time": 0.024106979370117188,
    "satellite_ratio": 0.26744186046511625,
    "population_change": -2,
    "config": {
      "DAY2MIN": 1440,
      "DAY2SEC": 86400,
      "YEAR2DAY": 365.2425,
      "YEAR2MIN": 525949.2,
      "rad": 0.017453292519943295,
      "tumin": 13.446851082044981,
      "mu_const": 398600.5,
      "radiusearthkm": 6378.137,
      "j2": 0.00108262998905,
      "omega_earth": 7.27220521664304e-05,
      "PMD": 0.9,
      "alph": 0.01,
      "alph_a": 0,
      "orbtol": 10,
      "step_control": 5,
      "P_frag": 0,
      "P_frag_cutoff": 18,
      "altitude_limit_low": 200,
      "altitude_limit_up": 2000,
      "missionlifetime": 5,
      "dt_days": 5,
      "n_time": 75,
      "launchRepeatYrs": [
        2018,
        2022
      ],
      "launchRepeatSmooth": 0,
      "a_all": [],
      "ap_all": [],
      "aa_all": [],
      "repeatLaunches": "[]",
      "time0": "2020-01-01 00:00:00",
      "launchMC_step": [],
      "additional_launches": "[]",
      "ind_launch": [],
      "ind_launch_add": [],
      "launch_model": "no_launch",
      "paramSSEM": {
        "N_shell": 36,
        "h_min": 200,
        "h_max": 2000,
        "re": 6378.137,
        "R02": "[ 200.  250.  300.  350.  400.  450.  500.  550.  600.  650.  700.  750.\n  800.  850.  900.  950. 1000. 1050. 1100. 1150. 1200. 1250. 1300. 1350.\n 1400. 1450. 1500. 1550. 1600. 1650. 1700. 1750. 1800. 1850. 1900. 1950.\n 2000.]"
      },
      "use_sgp4": false,
      "skipCollisions": 0,
      "max_frag": Infinity,