{
  "scenario": "Full Default",
  "description": "Real timeseries data from Python MOCAT-MC simulation",
  "execution_time": 0.056124,
  "n_time": 75,
  "tsince": [
    0.0,
    7200.0,
    14400.0,
    21600.0,
    28800.0,
    36000.0,
    43200.0,
    50400.0,
    57600.0,
    64800.0,
    72000.0,
    79200.0,
    86400.0,
    93600.0,
    100800.0,
    108000.0,
    115200.0,
    122400.0,
    129600.0,
    136800.0,
    144000.0,
    151200.0,
    158400.0,
    165600.0,
    172800.0,
    180000.0,
    187200.0,
    194400.0,
    201600.0,
    208800.0,
    216000.0,
    223200.0,
    230400.0,
    237600.0,
    244800.0,
    252000.0,
    259200.0,
    266400.0,
    273600.0,
    280800.0,
    288000.0,
    295200.0,
    302400.0,
    309600.0,
    316800.0,
    324000.0,
    331200.0,
    338400.0,
    345600.0,
    352800.0,
    360000.0,
    367200.0,
    374400.0,
    381600.0,
    388800.0,
    396000.0,
    403200.0,
    410400.0,
    417600.0,
    424800.0,
    432000.0,
    439200.0,
    446400.0,
    453600.0,
    460800.0,
    468000.0,
    475200.0,
    482400.0,
    489600.0,
    496800.0,
    504000.0,
    511200.0,
    518400.0,
    525600.0,
    532800.0
  ],
  "time_years": [
    0.0,
    0.013689253935660506,
    0.02737850787132101,
    0.04106776180698152,
    0.05475701574264202,
    0.06844626967830253,
    0.08213552361396304,
    0.09582477754962354,
    0.10951403148528405,
    0.12320328542094455,
    0.13689253935660506,
    0.15058179329226556,
    0.16427104722792607,
    0.17796030116358658,
    0.19164955509924708,
    0.2053388090349076,
    0.2190280629705681,
    0.2327173169062286,
    0.2464065708418891,
    0.2600958247775496,
    0.2737850787132101,
    0.2874743326488706,
    0.30116358658453113,
    0.31485284052019163,
    0.32854209445585214,
    0.34223134839151265,
    0.35592060232717315,
    0.36960985626283366,
    0.38329911019849416,
    0.39698836413415467,
    0.4106776180698152,
    0.4243668720054757,
    0.4380561259411362,
    0.4517453798767967,
    0.4654346338124572,
    0.4791238877481177,
    0.4928131416837782,
    0.5065023956194388,
    0.5201916495550992,
    0.5338809034907598,
    0.5475701574264202,
    0.5612594113620808,
    0.5749486652977412,
    0.5886379192334018,
    0.6023271731690623,
    0.6160164271047228,
    0.6297056810403833,
    0.6433949349760438,
    0.6570841889117043,
    0.6707734428473648,
    0.6844626967830253,
    0.6981519507186859,
    0.7118412046543463,
    0.7255304585900069,
    0.7392197125256673,
    0.7529089664613279,
    0.7665982203969883,
    0.7802874743326489,
    0.7939767282683093,
    0.8076659822039699,
    0.8213552361396304,
    0.8350444900752909,
    0.8487337440109514,
    0.8624229979466119,
    0.8761122518822724,
    0.8898015058179329,
    0.9034907597535934,
    0.917180013689254,
    0.9308692676249144,
    0.944558521560575,
    0.9582477754962354,
    0.971937029431896,
    0.9856262833675564,
    0.999315537303217,
    1.0130047912388775
  ],
  "nS": [
    23,
    23,
    23,
    23,
    23,
    23,
    23,
    23,
    23,
    23,
    23,
    23,
    23,
    23,
    23,
    23,
    23,
    23,
    23,
    23,
    23,
    23,
    23,
    23,
    23,
    23,
    23,
    23,
    23,
    23,
    23,
    23,
    23,
    23,
    23,
    23,
    23,
    23,
    23,
    23,
    23,
    23,
    23,
    23,
    23,
    23,
    23,
    23,
    23,
    23,
    23,
    23,
    23,
    23,
    23,
    23,
    23,
    23,
    23,
    23,
    23,
    23,
    23,
    23,
    23,
    23,
    23,
    23,
    23,
    23,
    23,
    23,
    23,
    23,
    23
  ],
  "nD": [
    36,
    36,
    36,
    36,
    36,
    36,
    36,
    36,
    36,
    36,
    36,
    36,
    36,
    36,
    36,
    36,
    36,
    36,
    36,
    36,
    36,
    36,
    36,
    36,
    36,
    36,
    36,
    36,
    36,
    36,
    36,
    36,
    36,
    36,
    36,
    36,
    36,
    36,
    36,
    36,
    36,
    36,
    36,
    36,
    36,
    36,
    36,
    36,
    36,
    36,
    36,
    36,
    36,
    36,
    36,
    36,
    36,
    36,
    36,
    36,
    36,
    36,
    36,
    36,
    36,
    36,
    36,
    36,
    36,
    36,
    36,
    36,
    36,
    36,
    36
  ],
  "nN": [
    0,
    0,
    0,
    0,
    0,
    0,
    0,
    0,
    0,
    0,
    0,
    0,
    0,
    0,
    0,
    0,
    0,
    0,
    0,
    0,
    0,
    0,
    0,
    0,
    0,
    0,
    0,
    0,
    0,
    0,
    0,
    0,
    0,
    0,
    0,
    0,
    0,
    0,
    0,
    0,
    0,
    0,
    0,
    0,
    0,
    0,
    0,
    0,
    0,
    0,
    0,
    0,
    0,
    0,
    0,
    0,
    0,
    0,
    0,
    0,
    0,
    0,
    0,
    0,
    0,
    0,
    0,
    0,
    0,
    0,
    0,
    0,
    0,
    0,
    0
  ],
  "nB": [
    18,
    18,
    18,
    18,
    18,
    18,
    18,
    18,
    18,
    18,
    18,
    18,
    18,
    18,
    18,
    18,
    18,
    18,
    18,
    18,
    18,
    18,
    18,
    18,
    18,
    18,
    18,
    18,
    18,
    18,
    18,
    18,
    18,
    18,
    18,
    18,
    18,
    18,
    18,
    18,
    18,
    18,
    18,
    18,
    18,
    18,
    18,
    18,
    18,
    18,
    18,
    18,
    18,
    18,
    18,
    18,
    18,
    18,
    18,
    18,
    18,
    18,
    18,
    18,
    18,
    18,
    18,
    18,
    18,
    18,
    18,
    18,
    18,
    18,
    18
  ],
  "final_counts": {
    "nS": 23,
    "nD": 36,
    "nN": 0,
    "nB": 18
  },
  "timestamp": "2025-09-01T14:56:51.045408",
  "total_population": [
    77,
    77,
    77,
    77,
    77,
    77,
    77,
    77,
    77,
    77,
    77,
    77,
    77,
    77,
    77,
    77,
    77,
    77,
    77,
    77,
    77,
    77,
    77,
    77,
    77,
    77,
    77,
    77,
    77,
    77,
    77,
    77,
    77,
    77,
    77,
    77,
    77,
    77,
    77,
    77,
    77,
    77,
    77,
    77,
    77,
    77,
    77,
    77,
    77,
    77,
    77,
    77,
    77,
    77,
    77,
    77,
    77,
    77,
    77,
    77,
    77,
    77,
    77,
    77,
    77,
    77,
    77,
    77,
    77,
    77,
    77,
    77,
    77,
    77,
    77
  ]
}