scenario,total_population_error,total_population_rel_error,satellite_error,satellite_rel_error,derelict_error,derelict_rel_error,debris_error,debris_rel_error,rocket_body_error,rocket_body_rel_error,execution_time_ratio
Basic Propagation,9,0.0658,0,0.0,9,0.487,25,0.26466229091679017,11,1.0628019323671498,1.5321100917431192
Collision Test,64,0.4652,0,0.0,14,0.751,36,0.38123477708355397,15,1.4506769825918762,0.24390243902439027
Atmospheric Drag,62,0.4506,0,0.0,13,0.698,36,0.38123477708355397,15,1.4506769825918762,0.36
Full Default,79,0.5746,0,0.0,16,0.859,61,0.6472835314091682,18,1.7543859649122806,0.4722222222222222
Realistic Operations No Launch,18,0.1323,1,0.0847457627118644,6,0.324,14,0.15021459227467812,20,1.9607843137254901,0.3993333333333333
